"key","value","type"
"Post Link","Link ( undefined )
","Link"

-X-O-X-O-X-O-X-O-X-O-X-O-X-O-X-O-X-O-X-O-X-O-X-O-X-O-X-O-X-O-X-O-X-O-X-O-X-O-X-O-X-O-X-O-X-O-X-O-X-O-X-O-X-O-X-O-X-O-X-O-X-O-X-O-X-O-X-O-X-O-X-O-X-O-X-O-X-O-X-O-X-O-X-O-X-O-X-O-X-O-X-O-X-O-X-O-X-O-X-O-X-O-X-O-X-O-X-O-X-O-X-O-X-O-X-O-
"key","value","type"
"Post Link","Link ( undefined )
","Link"

-X-O-X-O-X-O-X-O-X-O-X-O-X-O-X-O-X-O-X-O-X-O-X-O-X-O-X-O-X-O-X-O-X-O-X-O-X-O-X-O-X-O-X-O-X-O-X-O-X-O-X-O-X-O-X-O-X-O-X-O-X-O-X-O-X-O-X-O-X-O-X-O-X-O-X-O-X-O-X-O-X-O-X-O-X-O-X-O-X-O-X-O-X-O-X-O-X-O-X-O-X-O-X-O-X-O-X-O-X-O-X-O-X-O-X-O-
"key","value","type"
"Post Link","Link ( undefined )
","Link"

-X-O-X-O-X-O-X-O-X-O-X-O-X-O-X-O-X-O-X-O-X-O-X-O-X-O-X-O-X-O-X-O-X-O-X-O-X-O-X-O-X-O-X-O-X-O-X-O-X-O-X-O-X-O-X-O-X-O-X-O-X-O-X-O-X-O-X-O-X-O-X-O-X-O-X-O-X-O-X-O-X-O-X-O-X-O-X-O-X-O-X-O-X-O-X-O-X-O-X-O-X-O-X-O-X-O-X-O-X-O-X-O-X-O-X-O-
"key","value","type"
"Post Link","Link ( undefined )
","Link"

-X-O-X-O-X-O-X-O-X-O-X-O-X-O-X-O-X-O-X-O-X-O-X-O-X-O-X-O-X-O-X-O-X-O-X-O-X-O-X-O-X-O-X-O-X-O-X-O-X-O-X-O-X-O-X-O-X-O-X-O-X-O-X-O-X-O-X-O-X-O-X-O-X-O-X-O-X-O-X-O-X-O-X-O-X-O-X-O-X-O-X-O-X-O-X-O-X-O-X-O-X-O-X-O-X-O-X-O-X-O-X-O-X-O-X-O-
"key","value","type"
"Post Link","Link ( undefined )
","Link"

-X-O-X-O-X-O-X-O-X-O-X-O-X-O-X-O-X-O-X-O-X-O-X-O-X-O-X-O-X-O-X-O-X-O-X-O-X-O-X-O-X-O-X-O-X-O-X-O-X-O-X-O-X-O-X-O-X-O-X-O-X-O-X-O-X-O-X-O-X-O-X-O-X-O-X-O-X-O-X-O-X-O-X-O-X-O-X-O-X-O-X-O-X-O-X-O-X-O-X-O-X-O-X-O-X-O-X-O-X-O-X-O-X-O-X-O-
"key","value","type"
"Post Link","Link ( undefined )
","Link"

-X-O-X-O-X-O-X-O-X-O-X-O-X-O-X-O-X-O-X-O-X-O-X-O-X-O-X-O-X-O-X-O-X-O-X-O-X-O-X-O-X-O-X-O-X-O-X-O-X-O-X-O-X-O-X-O-X-O-X-O-X-O-X-O-X-O-X-O-X-O-X-O-X-O-X-O-X-O-X-O-X-O-X-O-X-O-X-O-X-O-X-O-X-O-X-O-X-O-X-O-X-O-X-O-X-O-X-O-X-O-X-O-X-O-X-O-
"key","value","type"
"Post Link","Link ( undefined )
","Link"

-X-O-X-O-X-O-X-O-X-O-X-O-X-O-X-O-X-O-X-O-X-O-X-O-X-O-X-O-X-O-X-O-X-O-X-O-X-O-X-O-X-O-X-O-X-O-X-O-X-O-X-O-X-O-X-O-X-O-X-O-X-O-X-O-X-O-X-O-X-O-X-O-X-O-X-O-X-O-X-O-X-O-X-O-X-O-X-O-X-O-X-O-X-O-X-O-X-O-X-O-X-O-X-O-X-O-X-O-X-O-X-O-X-O-X-O-
"key","value","type"
"Post Link","Link ( undefined )
","Link"

-X-O-X-O-X-O-X-O-X-O-X-O-X-O-X-O-X-O-X-O-X-O-X-O-X-O-X-O-X-O-X-O-X-O-X-O-X-O-X-O-X-O-X-O-X-O-X-O-X-O-X-O-X-O-X-O-X-O-X-O-X-O-X-O-X-O-X-O-X-O-X-O-X-O-X-O-X-O-X-O-X-O-X-O-X-O-X-O-X-O-X-O-X-O-X-O-X-O-X-O-X-O-X-O-X-O-X-O-X-O-X-O-X-O-X-O-
"key","value","type"
"Post Link","Link ( undefined )
","Link"

-X-O-X-O-X-O-X-O-X-O-X-O-X-O-X-O-X-O-X-O-X-O-X-O-X-O-X-O-X-O-X-O-X-O-X-O-X-O-X-O-X-O-X-O-X-O-X-O-X-O-X-O-X-O-X-O-X-O-X-O-X-O-X-O-X-O-X-O-X-O-X-O-X-O-X-O-X-O-X-O-X-O-X-O-X-O-X-O-X-O-X-O-X-O-X-O-X-O-X-O-X-O-X-O-X-O-X-O-X-O-X-O-X-O-X-O-
"key","value","type"
"Post Link","Link ( undefined )
","Link"

-X-O-X-O-X-O-X-O-X-O-X-O-X-O-X-O-X-O-X-O-X-O-X-O-X-O-X-O-X-O-X-O-X-O-X-O-X-O-X-O-X-O-X-O-X-O-X-O-X-O-X-O-X-O-X-O-X-O-X-O-X-O-X-O-X-O-X-O-X-O-X-O-X-O-X-O-X-O-X-O-X-O-X-O-X-O-X-O-X-O-X-O-X-O-X-O-X-O-X-O-X-O-X-O-X-O-X-O-X-O-X-O-X-O-X-O-
"key","value","type"
"Post Link","Link ( undefined )
","Link"

-X-O-X-O-X-O-X-O-X-O-X-O-X-O-X-O-X-O-X-O-X-O-X-O-X-O-X-O-X-O-X-O-X-O-X-O-X-O-X-O-X-O-X-O-X-O-X-O-X-O-X-O-X-O-X-O-X-O-X-O-X-O-X-O-X-O-X-O-X-O-X-O-X-O-X-O-X-O-X-O-X-O-X-O-X-O-X-O-X-O-X-O-X-O-X-O-X-O-X-O-X-O-X-O-X-O-X-O-X-O-X-O-X-O-X-O-
"key","value","type"
"Post Link","Link ( undefined )
","Link"

-X-O-X-O-X-O-X-O-X-O-X-O-X-O-X-O-X-O-X-O-X-O-X-O-X-O-X-O-X-O-X-O-X-O-X-O-X-O-X-O-X-O-X-O-X-O-X-O-X-O-X-O-X-O-X-O-X-O-X-O-X-O-X-O-X-O-X-O-X-O-X-O-X-O-X-O-X-O-X-O-X-O-X-O-X-O-X-O-X-O-X-O-X-O-X-O-X-O-X-O-X-O-X-O-X-O-X-O-X-O-X-O-X-O-X-O-
"key","value","type"
"Post Link","Link ( undefined )
","Link"

-X-O-X-O-X-O-X-O-X-O-X-O-X-O-X-O-X-O-X-O-X-O-X-O-X-O-X-O-X-O-X-O-X-O-X-O-X-O-X-O-X-O-X-O-X-O-X-O-X-O-X-O-X-O-X-O-X-O-X-O-X-O-X-O-X-O-X-O-X-O-X-O-X-O-X-O-X-O-X-O-X-O-X-O-X-O-X-O-X-O-X-O-X-O-X-O-X-O-X-O-X-O-X-O-X-O-X-O-X-O-X-O-X-O-X-O-
"key","value","type"
"Post Link","Link ( undefined )
","Link"

-X-O-X-O-X-O-X-O-X-O-X-O-X-O-X-O-X-O-X-O-X-O-X-O-X-O-X-O-X-O-X-O-X-O-X-O-X-O-X-O-X-O-X-O-X-O-X-O-X-O-X-O-X-O-X-O-X-O-X-O-X-O-X-O-X-O-X-O-X-O-X-O-X-O-X-O-X-O-X-O-X-O-X-O-X-O-X-O-X-O-X-O-X-O-X-O-X-O-X-O-X-O-X-O-X-O-X-O-X-O-X-O-X-O-X-O-
"key","value","type"
"Post Link","Link ( undefined )
","Link"

-X-O-X-O-X-O-X-O-X-O-X-O-X-O-X-O-X-O-X-O-X-O-X-O-X-O-X-O-X-O-X-O-X-O-X-O-X-O-X-O-X-O-X-O-X-O-X-O-X-O-X-O-X-O-X-O-X-O-X-O-X-O-X-O-X-O-X-O-X-O-X-O-X-O-X-O-X-O-X-O-X-O-X-O-X-O-X-O-X-O-X-O-X-O-X-O-X-O-X-O-X-O-X-O-X-O-X-O-X-O-X-O-X-O-X-O-
"key","value","type"
"Post Link","Link ( undefined )
","Link"

-X-O-X-O-X-O-X-O-X-O-X-O-X-O-X-O-X-O-X-O-X-O-X-O-X-O-X-O-X-O-X-O-X-O-X-O-X-O-X-O-X-O-X-O-X-O-X-O-X-O-X-O-X-O-X-O-X-O-X-O-X-O-X-O-X-O-X-O-X-O-X-O-X-O-X-O-X-O-X-O-X-O-X-O-X-O-X-O-X-O-X-O-X-O-X-O-X-O-X-O-X-O-X-O-X-O-X-O-X-O-X-O-X-O-X-O-
"key","value","type"
"Post Link","Link ( undefined )
","Link"

-X-O-X-O-X-O-X-O-X-O-X-O-X-O-X-O-X-O-X-O-X-O-X-O-X-O-X-O-X-O-X-O-X-O-X-O-X-O-X-O-X-O-X-O-X-O-X-O-X-O-X-O-X-O-X-O-X-O-X-O-X-O-X-O-X-O-X-O-X-O-X-O-X-O-X-O-X-O-X-O-X-O-X-O-X-O-X-O-X-O-X-O-X-O-X-O-X-O-X-O-X-O-X-O-X-O-X-O-X-O-X-O-X-O-X-O-
"key","value","type"
"Post Link","Link ( undefined )
","Link"

-X-O-X-O-X-O-X-O-X-O-X-O-X-O-X-O-X-O-X-O-X-O-X-O-X-O-X-O-X-O-X-O-X-O-X-O-X-O-X-O-X-O-X-O-X-O-X-O-X-O-X-O-X-O-X-O-X-O-X-O-X-O-X-O-X-O-X-O-X-O-X-O-X-O-X-O-X-O-X-O-X-O-X-O-X-O-X-O-X-O-X-O-X-O-X-O-X-O-X-O-X-O-X-O-X-O-X-O-X-O-X-O-X-O-X-O-
"key","value","type"
"Post Link","Link ( undefined )
","Link"

-X-O-X-O-X-O-X-O-X-O-X-O-X-O-X-O-X-O-X-O-X-O-X-O-X-O-X-O-X-O-X-O-X-O-X-O-X-O-X-O-X-O-X-O-X-O-X-O-X-O-X-O-X-O-X-O-X-O-X-O-X-O-X-O-X-O-X-O-X-O-X-O-X-O-X-O-X-O-X-O-X-O-X-O-X-O-X-O-X-O-X-O-X-O-X-O-X-O-X-O-X-O-X-O-X-O-X-O-X-O-X-O-X-O-X-O-
"key","value","type"
"Post Link","Link ( undefined )
","Link"

-X-O-X-O-X-O-X-O-X-O-X-O-X-O-X-O-X-O-X-O-X-O-X-O-X-O-X-O-X-O-X-O-X-O-X-O-X-O-X-O-X-O-X-O-X-O-X-O-X-O-X-O-X-O-X-O-X-O-X-O-X-O-X-O-X-O-X-O-X-O-X-O-X-O-X-O-X-O-X-O-X-O-X-O-X-O-X-O-X-O-X-O-X-O-X-O-X-O-X-O-X-O-X-O-X-O-X-O-X-O-X-O-X-O-X-O-
"key","value","type"
"Post Link","Link ( undefined )
","Link"

-X-O-X-O-X-O-X-O-X-O-X-O-X-O-X-O-X-O-X-O-X-O-X-O-X-O-X-O-X-O-X-O-X-O-X-O-X-O-X-O-X-O-X-O-X-O-X-O-X-O-X-O-X-O-X-O-X-O-X-O-X-O-X-O-X-O-X-O-X-O-X-O-X-O-X-O-X-O-X-O-X-O-X-O-X-O-X-O-X-O-X-O-X-O-X-O-X-O-X-O-X-O-X-O-X-O-X-O-X-O-X-O-X-O-X-O-
"key","value","type"
"Post Link","Link ( undefined )
","Link"

-X-O-X-O-X-O-X-O-X-O-X-O-X-O-X-O-X-O-X-O-X-O-X-O-X-O-X-O-X-O-X-O-X-O-X-O-X-O-X-O-X-O-X-O-X-O-X-O-X-O-X-O-X-O-X-O-X-O-X-O-X-O-X-O-X-O-X-O-X-O-X-O-X-O-X-O-X-O-X-O-X-O-X-O-X-O-X-O-X-O-X-O-X-O-X-O-X-O-X-O-X-O-X-O-X-O-X-O-X-O-X-O-X-O-X-O-
"key","value","type"
"Post Link","Link ( undefined )
","Link"

-X-O-X-O-X-O-X-O-X-O-X-O-X-O-X-O-X-O-X-O-X-O-X-O-X-O-X-O-X-O-X-O-X-O-X-O-X-O-X-O-X-O-X-O-X-O-X-O-X-O-X-O-X-O-X-O-X-O-X-O-X-O-X-O-X-O-X-O-X-O-X-O-X-O-X-O-X-O-X-O-X-O-X-O-X-O-X-O-X-O-X-O-X-O-X-O-X-O-X-O-X-O-X-O-X-O-X-O-X-O-X-O-X-O-X-O-
"key","value","type"
"Post Link","Link ( undefined )
","Link"

-X-O-X-O-X-O-X-O-X-O-X-O-X-O-X-O-X-O-X-O-X-O-X-O-X-O-X-O-X-O-X-O-X-O-X-O-X-O-X-O-X-O-X-O-X-O-X-O-X-O-X-O-X-O-X-O-X-O-X-O-X-O-X-O-X-O-X-O-X-O-X-O-X-O-X-O-X-O-X-O-X-O-X-O-X-O-X-O-X-O-X-O-X-O-X-O-X-O-X-O-X-O-X-O-X-O-X-O-X-O-X-O-X-O-X-O-
"key","value","type"
"Post Link","Link ( undefined )
","Link"

-X-O-X-O-X-O-X-O-X-O-X-O-X-O-X-O-X-O-X-O-X-O-X-O-X-O-X-O-X-O-X-O-X-O-X-O-X-O-X-O-X-O-X-O-X-O-X-O-X-O-X-O-X-O-X-O-X-O-X-O-X-O-X-O-X-O-X-O-X-O-X-O-X-O-X-O-X-O-X-O-X-O-X-O-X-O-X-O-X-O-X-O-X-O-X-O-X-O-X-O-X-O-X-O-X-O-X-O-X-O-X-O-X-O-X-O-
"key","value","type"
"Post Link","Link ( undefined )
","Link"

-X-O-X-O-X-O-X-O-X-O-X-O-X-O-X-O-X-O-X-O-X-O-X-O-X-O-X-O-X-O-X-O-X-O-X-O-X-O-X-O-X-O-X-O-X-O-X-O-X-O-X-O-X-O-X-O-X-O-X-O-X-O-X-O-X-O-X-O-X-O-X-O-X-O-X-O-X-O-X-O-X-O-X-O-X-O-X-O-X-O-X-O-X-O-X-O-X-O-X-O-X-O-X-O-X-O-X-O-X-O-X-O-X-O-X-O-
"key","value","type"
"Post Link","Link ( undefined )
","Link"

-X-O-X-O-X-O-X-O-X-O-X-O-X-O-X-O-X-O-X-O-X-O-X-O-X-O-X-O-X-O-X-O-X-O-X-O-X-O-X-O-X-O-X-O-X-O-X-O-X-O-X-O-X-O-X-O-X-O-X-O-X-O-X-O-X-O-X-O-X-O-X-O-X-O-X-O-X-O-X-O-X-O-X-O-X-O-X-O-X-O-X-O-X-O-X-O-X-O-X-O-X-O-X-O-X-O-X-O-X-O-X-O-X-O-X-O-
"key","value","type"
"Post Link","Link ( undefined )
","Link"

-X-O-X-O-X-O-X-O-X-O-X-O-X-O-X-O-X-O-X-O-X-O-X-O-X-O-X-O-X-O-X-O-X-O-X-O-X-O-X-O-X-O-X-O-X-O-X-O-X-O-X-O-X-O-X-O-X-O-X-O-X-O-X-O-X-O-X-O-X-O-X-O-X-O-X-O-X-O-X-O-X-O-X-O-X-O-X-O-X-O-X-O-X-O-X-O-X-O-X-O-X-O-X-O-X-O-X-O-X-O-X-O-X-O-X-O-
"key","value","type"
"Post Link","Link ( undefined )
","Link"

-X-O-X-O-X-O-X-O-X-O-X-O-X-O-X-O-X-O-X-O-X-O-X-O-X-O-X-O-X-O-X-O-X-O-X-O-X-O-X-O-X-O-X-O-X-O-X-O-X-O-X-O-X-O-X-O-X-O-X-O-X-O-X-O-X-O-X-O-X-O-X-O-X-O-X-O-X-O-X-O-X-O-X-O-X-O-X-O-X-O-X-O-X-O-X-O-X-O-X-O-X-O-X-O-X-O-X-O-X-O-X-O-X-O-X-O-
"key","value","type"
"Post Link","Link ( undefined )
","Link"

-X-O-X-O-X-O-X-O-X-O-X-O-X-O-X-O-X-O-X-O-X-O-X-O-X-O-X-O-X-O-X-O-X-O-X-O-X-O-X-O-X-O-X-O-X-O-X-O-X-O-X-O-X-O-X-O-X-O-X-O-X-O-X-O-X-O-X-O-X-O-X-O-X-O-X-O-X-O-X-O-X-O-X-O-X-O-X-O-X-O-X-O-X-O-X-O-X-O-X-O-X-O-X-O-X-O-X-O-X-O-X-O-X-O-X-O-
"key","value","type"
"Post Link","Link ( undefined )
","Link"

-X-O-X-O-X-O-X-O-X-O-X-O-X-O-X-O-X-O-X-O-X-O-X-O-X-O-X-O-X-O-X-O-X-O-X-O-X-O-X-O-X-O-X-O-X-O-X-O-X-O-X-O-X-O-X-O-X-O-X-O-X-O-X-O-X-O-X-O-X-O-X-O-X-O-X-O-X-O-X-O-X-O-X-O-X-O-X-O-X-O-X-O-X-O-X-O-X-O-X-O-X-O-X-O-X-O-X-O-X-O-X-O-X-O-X-O-
"key","value","type"
"Post Link","Link ( undefined )
","Link"

-X-O-X-O-X-O-X-O-X-O-X-O-X-O-X-O-X-O-X-O-X-O-X-O-X-O-X-O-X-O-X-O-X-O-X-O-X-O-X-O-X-O-X-O-X-O-X-O-X-O-X-O-X-O-X-O-X-O-X-O-X-O-X-O-X-O-X-O-X-O-X-O-X-O-X-O-X-O-X-O-X-O-X-O-X-O-X-O-X-O-X-O-X-O-X-O-X-O-X-O-X-O-X-O-X-O-X-O-X-O-X-O-X-O-X-O-
"key","value","type"
"Post Link","Link ( undefined )
","Link"

-X-O-X-O-X-O-X-O-X-O-X-O-X-O-X-O-X-O-X-O-X-O-X-O-X-O-X-O-X-O-X-O-X-O-X-O-X-O-X-O-X-O-X-O-X-O-X-O-X-O-X-O-X-O-X-O-X-O-X-O-X-O-X-O-X-O-X-O-X-O-X-O-X-O-X-O-X-O-X-O-X-O-X-O-X-O-X-O-X-O-X-O-X-O-X-O-X-O-X-O-X-O-X-O-X-O-X-O-X-O-X-O-X-O-X-O-
"key","value","type"
"Post Link","Link ( undefined )
","Link"

-X-O-X-O-X-O-X-O-X-O-X-O-X-O-X-O-X-O-X-O-X-O-X-O-X-O-X-O-X-O-X-O-X-O-X-O-X-O-X-O-X-O-X-O-X-O-X-O-X-O-X-O-X-O-X-O-X-O-X-O-X-O-X-O-X-O-X-O-X-O-X-O-X-O-X-O-X-O-X-O-X-O-X-O-X-O-X-O-X-O-X-O-X-O-X-O-X-O-X-O-X-O-X-O-X-O-X-O-X-O-X-O-X-O-X-O-
"key","value","type"
"Post Link","Link ( undefined )
","Link"

-X-O-X-O-X-O-X-O-X-O-X-O-X-O-X-O-X-O-X-O-X-O-X-O-X-O-X-O-X-O-X-O-X-O-X-O-X-O-X-O-X-O-X-O-X-O-X-O-X-O-X-O-X-O-X-O-X-O-X-O-X-O-X-O-X-O-X-O-X-O-X-O-X-O-X-O-X-O-X-O-X-O-X-O-X-O-X-O-X-O-X-O-X-O-X-O-X-O-X-O-X-O-X-O-X-O-X-O-X-O-X-O-X-O-X-O-
"key","value","type"
"Post Link","Link ( undefined )
","Link"

-X-O-X-O-X-O-X-O-X-O-X-O-X-O-X-O-X-O-X-O-X-O-X-O-X-O-X-O-X-O-X-O-X-O-X-O-X-O-X-O-X-O-X-O-X-O-X-O-X-O-X-O-X-O-X-O-X-O-X-O-X-O-X-O-X-O-X-O-X-O-X-O-X-O-X-O-X-O-X-O-X-O-X-O-X-O-X-O-X-O-X-O-X-O-X-O-X-O-X-O-X-O-X-O-X-O-X-O-X-O-X-O-X-O-X-O-
"key","value","type"
"Post Link","Link ( undefined )
","Link"

-X-O-X-O-X-O-X-O-X-O-X-O-X-O-X-O-X-O-X-O-X-O-X-O-X-O-X-O-X-O-X-O-X-O-X-O-X-O-X-O-X-O-X-O-X-O-X-O-X-O-X-O-X-O-X-O-X-O-X-O-X-O-X-O-X-O-X-O-X-O-X-O-X-O-X-O-X-O-X-O-X-O-X-O-X-O-X-O-X-O-X-O-X-O-X-O-X-O-X-O-X-O-X-O-X-O-X-O-X-O-X-O-X-O-X-O-
"key","value","type"
"Post Link","Link ( undefined )
","Link"

-X-O-X-O-X-O-X-O-X-O-X-O-X-O-X-O-X-O-X-O-X-O-X-O-X-O-X-O-X-O-X-O-X-O-X-O-X-O-X-O-X-O-X-O-X-O-X-O-X-O-X-O-X-O-X-O-X-O-X-O-X-O-X-O-X-O-X-O-X-O-X-O-X-O-X-O-X-O-X-O-X-O-X-O-X-O-X-O-X-O-X-O-X-O-X-O-X-O-X-O-X-O-X-O-X-O-X-O-X-O-X-O-X-O-X-O-
"key","value","type"
"Post Link","Link ( undefined )
","Link"

-X-O-X-O-X-O-X-O-X-O-X-O-X-O-X-O-X-O-X-O-X-O-X-O-X-O-X-O-X-O-X-O-X-O-X-O-X-O-X-O-X-O-X-O-X-O-X-O-X-O-X-O-X-O-X-O-X-O-X-O-X-O-X-O-X-O-X-O-X-O-X-O-X-O-X-O-X-O-X-O-X-O-X-O-X-O-X-O-X-O-X-O-X-O-X-O-X-O-X-O-X-O-X-O-X-O-X-O-X-O-X-O-X-O-X-O-
"key","value","type"
"Post Link","Link ( undefined )
","Link"

-X-O-X-O-X-O-X-O-X-O-X-O-X-O-X-O-X-O-X-O-X-O-X-O-X-O-X-O-X-O-X-O-X-O-X-O-X-O-X-O-X-O-X-O-X-O-X-O-X-O-X-O-X-O-X-O-X-O-X-O-X-O-X-O-X-O-X-O-X-O-X-O-X-O-X-O-X-O-X-O-X-O-X-O-X-O-X-O-X-O-X-O-X-O-X-O-X-O-X-O-X-O-X-O-X-O-X-O-X-O-X-O-X-O-X-O-
"key","value","type"
"Post Link","Link ( undefined )
","Link"

-X-O-X-O-X-O-X-O-X-O-X-O-X-O-X-O-X-O-X-O-X-O-X-O-X-O-X-O-X-O-X-O-X-O-X-O-X-O-X-O-X-O-X-O-X-O-X-O-X-O-X-O-X-O-X-O-X-O-X-O-X-O-X-O-X-O-X-O-X-O-X-O-X-O-X-O-X-O-X-O-X-O-X-O-X-O-X-O-X-O-X-O-X-O-X-O-X-O-X-O-X-O-X-O-X-O-X-O-X-O-X-O-X-O-X-O-
"key","value","type"
"Post Link","Link ( undefined )
","Link"

-X-O-X-O-X-O-X-O-X-O-X-O-X-O-X-O-X-O-X-O-X-O-X-O-X-O-X-O-X-O-X-O-X-O-X-O-X-O-X-O-X-O-X-O-X-O-X-O-X-O-X-O-X-O-X-O-X-O-X-O-X-O-X-O-X-O-X-O-X-O-X-O-X-O-X-O-X-O-X-O-X-O-X-O-X-O-X-O-X-O-X-O-X-O-X-O-X-O-X-O-X-O-X-O-X-O-X-O-X-O-X-O-X-O-X-O-
"key","value","type"
"Post Link","Link ( undefined )
","Link"

-X-O-X-O-X-O-X-O-X-O-X-O-X-O-X-O-X-O-X-O-X-O-X-O-X-O-X-O-X-O-X-O-X-O-X-O-X-O-X-O-X-O-X-O-X-O-X-O-X-O-X-O-X-O-X-O-X-O-X-O-X-O-X-O-X-O-X-O-X-O-X-O-X-O-X-O-X-O-X-O-X-O-X-O-X-O-X-O-X-O-X-O-X-O-X-O-X-O-X-O-X-O-X-O-X-O-X-O-X-O-X-O-X-O-X-O-
"key","value","type"
"Post Link","Link ( undefined )
","Link"

-X-O-X-O-X-O-X-O-X-O-X-O-X-O-X-O-X-O-X-O-X-O-X-O-X-O-X-O-X-O-X-O-X-O-X-O-X-O-X-O-X-O-X-O-X-O-X-O-X-O-X-O-X-O-X-O-X-O-X-O-X-O-X-O-X-O-X-O-X-O-X-O-X-O-X-O-X-O-X-O-X-O-X-O-X-O-X-O-X-O-X-O-X-O-X-O-X-O-X-O-X-O-X-O-X-O-X-O-X-O-X-O-X-O-X-O-
"key","value","type"
"Post Link","Link ( undefined )
","Link"

-X-O-X-O-X-O-X-O-X-O-X-O-X-O-X-O-X-O-X-O-X-O-X-O-X-O-X-O-X-O-X-O-X-O-X-O-X-O-X-O-X-O-X-O-X-O-X-O-X-O-X-O-X-O-X-O-X-O-X-O-X-O-X-O-X-O-X-O-X-O-X-O-X-O-X-O-X-O-X-O-X-O-X-O-X-O-X-O-X-O-X-O-X-O-X-O-X-O-X-O-X-O-X-O-X-O-X-O-X-O-X-O-X-O-X-O-
"key","value","type"
"Post Link","Link ( undefined )
","Link"

-X-O-X-O-X-O-X-O-X-O-X-O-X-O-X-O-X-O-X-O-X-O-X-O-X-O-X-O-X-O-X-O-X-O-X-O-X-O-X-O-X-O-X-O-X-O-X-O-X-O-X-O-X-O-X-O-X-O-X-O-X-O-X-O-X-O-X-O-X-O-X-O-X-O-X-O-X-O-X-O-X-O-X-O-X-O-X-O-X-O-X-O-X-O-X-O-X-O-X-O-X-O-X-O-X-O-X-O-X-O-X-O-X-O-X-O-
"key","value","type"
"Post Link","Link ( undefined )
","Link"

-X-O-X-O-X-O-X-O-X-O-X-O-X-O-X-O-X-O-X-O-X-O-X-O-X-O-X-O-X-O-X-O-X-O-X-O-X-O-X-O-X-O-X-O-X-O-X-O-X-O-X-O-X-O-X-O-X-O-X-O-X-O-X-O-X-O-X-O-X-O-X-O-X-O-X-O-X-O-X-O-X-O-X-O-X-O-X-O-X-O-X-O-X-O-X-O-X-O-X-O-X-O-X-O-X-O-X-O-X-O-X-O-X-O-X-O-
"key","value","type"
"Post Link","Link ( undefined )
","Link"

-X-O-X-O-X-O-X-O-X-O-X-O-X-O-X-O-X-O-X-O-X-O-X-O-X-O-X-O-X-O-X-O-X-O-X-O-X-O-X-O-X-O-X-O-X-O-X-O-X-O-X-O-X-O-X-O-X-O-X-O-X-O-X-O-X-O-X-O-X-O-X-O-X-O-X-O-X-O-X-O-X-O-X-O-X-O-X-O-X-O-X-O-X-O-X-O-X-O-X-O-X-O-X-O-X-O-X-O-X-O-X-O-X-O-X-O-
"key","value","type"
"Post Link","Link ( undefined )
","Link"

-X-O-X-O-X-O-X-O-X-O-X-O-X-O-X-O-X-O-X-O-X-O-X-O-X-O-X-O-X-O-X-O-X-O-X-O-X-O-X-O-X-O-X-O-X-O-X-O-X-O-X-O-X-O-X-O-X-O-X-O-X-O-X-O-X-O-X-O-X-O-X-O-X-O-X-O-X-O-X-O-X-O-X-O-X-O-X-O-X-O-X-O-X-O-X-O-X-O-X-O-X-O-X-O-X-O-X-O-X-O-X-O-X-O-X-O-
"key","value","type"
"Post Link","Link ( undefined )
","Link"

-X-O-X-O-X-O-X-O-X-O-X-O-X-O-X-O-X-O-X-O-X-O-X-O-X-O-X-O-X-O-X-O-X-O-X-O-X-O-X-O-X-O-X-O-X-O-X-O-X-O-X-O-X-O-X-O-X-O-X-O-X-O-X-O-X-O-X-O-X-O-X-O-X-O-X-O-X-O-X-O-X-O-X-O-X-O-X-O-X-O-X-O-X-O-X-O-X-O-X-O-X-O-X-O-X-O-X-O-X-O-X-O-X-O-X-O-
"key","value","type"
"Post Link","Link ( undefined )
","Link"

-X-O-X-O-X-O-X-O-X-O-X-O-X-O-X-O-X-O-X-O-X-O-X-O-X-O-X-O-X-O-X-O-X-O-X-O-X-O-X-O-X-O-X-O-X-O-X-O-X-O-X-O-X-O-X-O-X-O-X-O-X-O-X-O-X-O-X-O-X-O-X-O-X-O-X-O-X-O-X-O-X-O-X-O-X-O-X-O-X-O-X-O-X-O-X-O-X-O-X-O-X-O-X-O-X-O-X-O-X-O-X-O-X-O-X-O-
"key","value","type"
"Post Link","Link ( undefined )
","Link"

-X-O-X-O-X-O-X-O-X-O-X-O-X-O-X-O-X-O-X-O-X-O-X-O-X-O-X-O-X-O-X-O-X-O-X-O-X-O-X-O-X-O-X-O-X-O-X-O-X-O-X-O-X-O-X-O-X-O-X-O-X-O-X-O-X-O-X-O-X-O-X-O-X-O-X-O-X-O-X-O-X-O-X-O-X-O-X-O-X-O-X-O-X-O-X-O-X-O-X-O-X-O-X-O-X-O-X-O-X-O-X-O-X-O-X-O-
"key","value","type"
"Post Link","Link ( undefined )
","Link"

-X-O-X-O-X-O-X-O-X-O-X-O-X-O-X-O-X-O-X-O-X-O-X-O-X-O-X-O-X-O-X-O-X-O-X-O-X-O-X-O-X-O-X-O-X-O-X-O-X-O-X-O-X-O-X-O-X-O-X-O-X-O-X-O-X-O-X-O-X-O-X-O-X-O-X-O-X-O-X-O-X-O-X-O-X-O-X-O-X-O-X-O-X-O-X-O-X-O-X-O-X-O-X-O-X-O-X-O-X-O-X-O-X-O-X-O-
"key","value","type"
"Post Link","Link ( undefined )
","Link"

-X-O-X-O-X-O-X-O-X-O-X-O-X-O-X-O-X-O-X-O-X-O-X-O-X-O-X-O-X-O-X-O-X-O-X-O-X-O-X-O-X-O-X-O-X-O-X-O-X-O-X-O-X-O-X-O-X-O-X-O-X-O-X-O-X-O-X-O-X-O-X-O-X-O-X-O-X-O-X-O-X-O-X-O-X-O-X-O-X-O-X-O-X-O-X-O-X-O-X-O-X-O-X-O-X-O-X-O-X-O-X-O-X-O-X-O-
"key","value","type"
"Post Link","Link ( undefined )
","Link"

-X-O-X-O-X-O-X-O-X-O-X-O-X-O-X-O-X-O-X-O-X-O-X-O-X-O-X-O-X-O-X-O-X-O-X-O-X-O-X-O-X-O-X-O-X-O-X-O-X-O-X-O-X-O-X-O-X-O-X-O-X-O-X-O-X-O-X-O-X-O-X-O-X-O-X-O-X-O-X-O-X-O-X-O-X-O-X-O-X-O-X-O-X-O-X-O-X-O-X-O-X-O-X-O-X-O-X-O-X-O-X-O-X-O-X-O-
"key","value","type"
"Post Link","Link ( undefined )
","Link"

-X-O-X-O-X-O-X-O-X-O-X-O-X-O-X-O-X-O-X-O-X-O-X-O-X-O-X-O-X-O-X-O-X-O-X-O-X-O-X-O-X-O-X-O-X-O-X-O-X-O-X-O-X-O-X-O-X-O-X-O-X-O-X-O-X-O-X-O-X-O-X-O-X-O-X-O-X-O-X-O-X-O-X-O-X-O-X-O-X-O-X-O-X-O-X-O-X-O-X-O-X-O-X-O-X-O-X-O-X-O-X-O-X-O-X-O-
"key","value","type"
"Post Link","Link ( undefined )
","Link"

-X-O-X-O-X-O-X-O-X-O-X-O-X-O-X-O-X-O-X-O-X-O-X-O-X-O-X-O-X-O-X-O-X-O-X-O-X-O-X-O-X-O-X-O-X-O-X-O-X-O-X-O-X-O-X-O-X-O-X-O-X-O-X-O-X-O-X-O-X-O-X-O-X-O-X-O-X-O-X-O-X-O-X-O-X-O-X-O-X-O-X-O-X-O-X-O-X-O-X-O-X-O-X-O-X-O-X-O-X-O-X-O-X-O-X-O-
"key","value","type"
"Post Link","Link ( undefined )
","Link"

-X-O-X-O-X-O-X-O-X-O-X-O-X-O-X-O-X-O-X-O-X-O-X-O-X-O-X-O-X-O-X-O-X-O-X-O-X-O-X-O-X-O-X-O-X-O-X-O-X-O-X-O-X-O-X-O-X-O-X-O-X-O-X-O-X-O-X-O-X-O-X-O-X-O-X-O-X-O-X-O-X-O-X-O-X-O-X-O-X-O-X-O-X-O-X-O-X-O-X-O-X-O-X-O-X-O-X-O-X-O-X-O-X-O-X-O-
"key","value","type"
"Post Link","Link ( undefined )
","Link"

-X-O-X-O-X-O-X-O-X-O-X-O-X-O-X-O-X-O-X-O-X-O-X-O-X-O-X-O-X-O-X-O-X-O-X-O-X-O-X-O-X-O-X-O-X-O-X-O-X-O-X-O-X-O-X-O-X-O-X-O-X-O-X-O-X-O-X-O-X-O-X-O-X-O-X-O-X-O-X-O-X-O-X-O-X-O-X-O-X-O-X-O-X-O-X-O-X-O-X-O-X-O-X-O-X-O-X-O-X-O-X-O-X-O-X-O-
"key","value","type"
"Post Link","Link ( undefined )
","Link"

-X-O-X-O-X-O-X-O-X-O-X-O-X-O-X-O-X-O-X-O-X-O-X-O-X-O-X-O-X-O-X-O-X-O-X-O-X-O-X-O-X-O-X-O-X-O-X-O-X-O-X-O-X-O-X-O-X-O-X-O-X-O-X-O-X-O-X-O-X-O-X-O-X-O-X-O-X-O-X-O-X-O-X-O-X-O-X-O-X-O-X-O-X-O-X-O-X-O-X-O-X-O-X-O-X-O-X-O-X-O-X-O-X-O-X-O-
"key","value","type"
"Post Link","Link ( undefined )
","Link"

-X-O-X-O-X-O-X-O-X-O-X-O-X-O-X-O-X-O-X-O-X-O-X-O-X-O-X-O-X-O-X-O-X-O-X-O-X-O-X-O-X-O-X-O-X-O-X-O-X-O-X-O-X-O-X-O-X-O-X-O-X-O-X-O-X-O-X-O-X-O-X-O-X-O-X-O-X-O-X-O-X-O-X-O-X-O-X-O-X-O-X-O-X-O-X-O-X-O-X-O-X-O-X-O-X-O-X-O-X-O-X-O-X-O-X-O-
